<?  

/*  alex
	no qos_rule entry in the rgdb
	no wlan_qos_rule entry in the rgdb
*/

//+++alex

	$qos_enable = get("x","/qos/mode");
	//$qos_traffic_shapping_enable 
	//$qos_auto_classify_enable
	

	echo "<qos>";
	echo 	"<qos_enable>".$qos_enable."</qos_enable>";
	echo	"<qos_traffic_shapping_enable>".$qos_traffic_shapping_enable."</qos_traffic_shapping_enable>";
	echo	"<qos_auto_classify_enable>".$qos_auto_classify_enable."</qos_auto_classify_enable>";
  	for("/qos/entry")   //====== no entry tag in the rgdb ===========
  	{
		echo	"<qos_rule_".$@.">";
			echo	"<enable>".$enable."</enable>";
			echo	"<name>".$name."</name>";
			echo	"<priority>".$priority."</priority>";
			echo	"<protocol_type>".$protocol_type."</protocol_type>";
			echo	"<local_ip_range>".$local_ip_range."</local_ip_range>";
			echo	"<local_port_range>".$local_port_range."</local_port_range>";
			echo	"<remote_ip_range>".$remote_ip_range."</remote_ip_range>";
			echo	"<remote_port_range>".$remote_port_range."</remote_port_range>";	
		echo	"</qos_rule_".$@.">";		
  	}
	
	echo	"<wmm_enable>".$wmm_enable."</wmm_enable>";
	echo	"<wlan_qos_auto_classify_enable>".$wlan_qos_en."</wlan_qos_auto_classify_enable>";	
	for("/qos/xxx")   //====== no entry tag in the rgdb ===========
  	{
		echo	"<wlan_qos_rule_".$@.">";
			echo	"<enable>".$enable."</enable>";
			echo	"<name>".$name."</name>";
			echo	"<priority>".$priority."</priority>";
			echo	"<protocol_type>".$protocol_type."</protocol_type>";
			echo	"<local_ip_range>".$local_ip_range."</local_ip_range>";
			echo	"<local_port_range>".$local_port_range."</local_port_range>";
			echo	"<remote_ip_range>".$remote_ip_range."</remote_ip_range>";
			echo	"<remote_port_range>".$remote_port_range."</remote_port_range>";	
		echo	"</wlan_qos_rule_".$@.">";		
  	}
	
	echo "</qos>";
	
	
//---alex
?>
