<?
//+++jana

	$schedule_enable = "1";      //scheduler always on (modified by alex) 
	
	echo "<scheduler>";
	echo	"<schedule_enable>".$schedule_enable."</schedule_enable>";
	for("/sys/schedule/entry")
	{
		echo	"<schedule_rule_".$@.">";
			echo	"<name>".get("x","description")."</name>";
			echo	"<weekdays>".get("x","sun").get("x","mon").get("x","tue")
			.get("x","wed").get("x","thu").get("x","fri").get("x","sat")
			."</weekdays>";
			echo	"<start_time>".get("x","starttime")."</start_time>";
			echo	"<end_time>".get("x","endtime")."</end_time>";
		echo	"</schedule_rule_".$@.">";
	}
	echo "</scheduler>";
	
//---jana
?>
