<?
	/******************* alex ********************************  
	(some tags need to check or modify)
	wan_uptime
	$wan_dhcpc_expired_time 
	$timestamp  
	$wan_uptime  
	$ppp_connect_mode   
	ppp_auth_type   
	$wan_specify_dns 
	$wan_dhcp_server_ip 
	$wan_dhcpc_expired_time 
	wan_wwan
	************************************************************/

	$wan_status = get("x","/runtime/wan/inf:1/connectstatus");
	$wan_ip = get("x","/runtime/wan/inf:1/ip");
	$wan_netmask = get("x","/runtime/wan/inf:1/netmask");
	$wan_gateway = get("x","/runtime/wan/inf:1/gateway");
	$wan_pridns = get("x","/runtime/wan/inf:1/primarydns");
	$wan_secdns = get("x","/runtime/wan/inf:1/secondarydns");
	if($wan_status == ""){$wan_status="Disconnected";}
	if($wan_status != "connected")
	{
		$null_val       = "0.0.0.0";
		$wan_ip         = $null_val;
		$wan_gateway    = $null_val;
		$wan_netmask    = $null_val;
		$wan_pridns     = $null_val;
		$wan_secdns     = $null_val;
	}
	else
	{
		$m_na = "N/A";
		if($wan_ip=="")         {$wan_ip        = $m_na;}
		if($wan_gateway=="")    {$wan_gateway   = $m_na;}
		if($wan_netmask=="")    {$wan_netmask   = $m_na;}
		if($wan_pridns=="")     {$wan_pridns    = $m_na;}
		if($wan_secdns=="")     {$wan_secdns    = $m_na;}
	}
	$wan_stime = get("x","/runtime/wan/inf:1/uptime");
	$wan_ctime = get("x","/runtime/sys/uptime");
	if($wan_stime == "")
	{
		$wan_uptime = "0";
	}
	else
	{
		$wan_uptime = $wan_ctime - $wan_stime;
	}
	$wan_mtu = get("x","/runtime/wan/inf:1/mtu");
	$wan_tx_packets = get("x","/runtime/stats/wan/inf:1/tx/packets");
	$wan_rx_packets = get("x","/runtime/stats/wan/inf:1/rx/packets");
	$wan_collision_packets = get("x","/runtime/stats/wan/inf:1/tx/collisions");
	$wan_tx_bytes = get("x","/runtime/stats/wan/inf:1/tx/bytes");
	$wan_rx_bytes = get("x","/runtime/stats/wan/inf:1/rx/bytes");

//+++jana
	
	//$wan_specify_dns =
	//$wan_dhcp_server_ip =
	$wan_dhcpc_expired_time= get("x","/runtime/dhcpServer/expinre");     // ???    
	//$wan_lost_packets =
	$timestamp = get("x","/runtime/sys/uptime");
	$wan_uptime = get("x","/runtime/wan/inf:1/uptime");
	
//---jana
	
	echo "<wan_stats>";
	echo	"<wan_mtu>".$wan_mtu."</wan_mtu>";
	echo	"<wan_specify_dns>".$wan_specify_dns."</wan_specify_dns>";
	echo	"<dlink_dns_enable></dlink_dns_enable>"; //alex
	echo	"<wan_primary_dns>".$wan_pridns."</wan_primary_dns>";
	echo	"<wan_secondary_dns>".$wan_secdns."</wan_secondary_dns>";
	echo	"<wan_protocol>";
	map("/wan/rg/inf:1/mode",
		"1","Static",
		"2","DHCP",
		"3","PPPoE",
		"4","PPTP",	
		"5","L2TP",
		"6","Multi-PPPoE"
		);
	echo 	"</wan_protocol>";
	echo 	"<wan_ip>".$wan_ip."</wan_ip>";
	echo	"<wan_netmask>".$wan_netmask."</wan_netmask>";
	echo	"<wan_default_gateway>".$wan_gateway."</wan_default_gateway>";
	echo	"<wan_dhcp_server_ip>".$wan_dhcp_server_ip."</wan_dhcp_server_ip>";
	echo	"<wan_dhcpc_expired_time>".$wan_dhcpc_expired_time."</wan_dhcpc_expired_time>";
	
//================ start of pppoe ===========================================================

//+++alex
			
	for("/wan/rg/inf")
	{
		$wan_mode = get("x","mode");
		if($wan_mode == "3")
		{
			$ppp_enable = "1";
		}
		else
		{
			$ppp_enable = "";
		}
		
		if($ppp_enable == "1")					// pppoe enable
		{
			if(get("x","pppoe/mode") == "1")    // static pppoe
			{
				$ppp_dynamic = "";
			}
			else							 	// dynamic pppoe
			{
				$ppp_dynamic = "1";
			}
			//determine the $ppp_connect_mode
			if(get("x","pppoe/autoreconnect") == "1")
			{
				if(get("x","pppoe/ondemand") == "1")
				{
					$ppp_connect_mode == "on_demand";
				}
				else
				{
					$ppp_connect_mode == "always_on";  // need to modify 
				}
			}
			else
			{
				$ppp_connect_mode = "manual";
			}
			
			$ppp_username = get("x","pppoe/user");
			$ppp_password = get("x","pppoe/password");
			$ppp_max_idletime = get("x","pppoe/idletimeout")/60;   // the time unit : min
			$ppp_ip = get("x","/runtime/wan/inf:1/ip");
			$ppp_netmask = get("x","/runtime/wan/inf:1/netmask");
			$ppp_gateway = get("x","/runtime/wan/inf:1/gateway");
			$ppp_mtu = get("x","pppoe/mtu");
			$ppp_connection_status = get("x","/runtime/wan/inf:1/connectstatus");
			if($ppp_connection_status == "ondemand")
			{
				$ppp_connection_status = "disconnect";
			}		
		}
		else
		{
			$ppp_username = "";
			$ppp_password = "";
			$ppp_max_idletime = "";
			$ppp_ip = "";
			$ppp_netmask = "";
			$ppp_gateway = "";
			$ppp_mtu = "";
			$ppp_dynamic = "";
			$ppp_connect_mode = "";
			$ppp_connection_status  = "";
		}	
		
		echo	"<wan_pppoe_session_".$@.">";
		echo		"<enable>".$ppp_enable."</enable>"; 
		echo		"<dynamic>".$ppp_dynamic."</dynamic>"; 
		echo		"<username>".$ppp_username."</username>";
		echo		"<password>".$ppp_password."</password>";
		echo		"<max_idletime>".$ppp_max_idletime."</max_idletime>"; 
		echo		"<connect_mode>".$ppp_connect_mode."</connect_mode>";  //need to modify 
		echo		"<ppp_auth_type></ppp_auth_type>";   
		echo		"<ip>".$ppp_ip."</ip>"; 
		echo		"<netmask>".$ppp_netmask."</netmask>";  
		echo		"<gateway >".$ppp_gateway ."</gateway >";  
		echo		"<mtu>".$ppp_mtu ."</mtu >"; 
		echo		"<connection_status>".$ppp_connection_status."</connection_status >"; 		
		echo	"</wan_pppoe_session_".$@.">";
	}	

//========================= end of pppoe ======================================


//========================= start of pptp =====================================
	
	if(get("x","/wan/rg/inf:1/mode") == "4")   // pptp enable
	{
		if(get("x","/wan/rg/inf:1/pptp/mode") == "1")
		{
			$pptp_dynamic = "";		//static pptp
		}
		else
		{
			$pptp_dynamic = "1";		//dynamic pptp
		}
		
		$pptp_username = get("x","/wan/rg/inf:1/pptp/user");
		$pptp_password = get("x","/wan/rg/inf:1/pptp/password");
		$pptp_max_idletime = get("x","/wan/rg/inf:1/pptp/idletimeout")/60; // unit: minute
		
		//determine the $pptp_connect_mode
		if(get("x","/wan/rg/inf:1/pptp/autoreconnect") == "1")
		{
			if(get("x","/wan/rg/inf:1/pptp/ondemand") == "1")
			{
				$pptp_connect_mode = "on_demand";
			}
			else
			{
				$pptp_connect_mode = "always_on";  // need to modify 
			}
		}
		else
		{
			$pptp_connect_mode = "manual";
		}
		
		$pptp_ip = get("x","/runtime/wan/inf:1/ip");
		$pptp_netmask = get("x","/runtime/wan/inf:1/netmask");
		$pptp_gateway = get("x","/runtime/wan/inf:1/gateway");
		$pptp_server_ip = get("x","/wan/rg/inf:1/pptp/serverip");
		$pptp_mtu = get("x","/wan/rg/inf:1/pptp/mtu");
		$pptp_connection_status = get("x","/runtime/wan/inf:1/connectstatus");		
		if($pptp_connection_status == "ondemand")
		{
			$pptp_connection_status = "disconnect";
		}		
			
	}
	else						//pptp disable
	{
		$pptp_username = "";
		$pptp_password = "";
		$pptp_max_idletime = "";
		$pptp_ip = "";
		$pptp_netmask = "";
		$pptp_gateway = "";
		$pptp_server_ip = "";
		$pptp_mtu = "";
		$pptp_dynamic = "";
		$pptp_connect_mode = "";
		$pptp_connection_status  = "";
	}
		
	echo	"<wan_pptp_session>";
		echo	"<dynamic>".$pptp_dynamic."</dynamic>"; 
		echo	"<username>".$pptp_username."</username>";
		echo	"<password>".$pptp_password."</password>";
		echo	"<max_idletime>".$pptp_max_idletime."</max_idletime>"; 
		echo	"<connect_mode>".$pptp_connect_mode."</connect_mode>";  //need to modify 
		echo	"<ppp_auth_type></ppp_auth_type>";     // need to check
		echo	"<ip>".$pptp_ip."</ip>"; 
		echo	"<netmask>".$pptp_netmask."</netmask>";  
		echo	"<gateway >".$pptp_gateway."</gateway >";  
		echo	"<server_ip >".$pptp_server_ip."</server_ip >";  
		echo	"<mtu>".$pptp_mtu ."</mtu >"; 
		echo	"<connection_status>".$pptp_connection_status."</connection_status >"; 	
	echo	"</wan_pptp_session>";


//========================= end of pptp ======================================

//========================= start of l2tp ====================================

if(get("x","/wan/rg/inf:1/mode") == "5")   // l2tp enable
	{
		if(get("x","/wan/rg/inf:1/l2tp/mode") == "1")
		{
			$l2tp_dynamic = "";		//static pptp
		}
		else
		{
			$l2tp_dynamic = "1";		//dynamic pptp
		}
		
		$l2tp_username = get("x","/wan/rg/inf:1/l2tp/user");
		$l2tp_password = get("x","/wan/rg/inf:1/l2tp/password");
		$l2tp_max_idletime = get("x","/wan/rg/inf:1/l2tp/idletimeout")/60; // unit: minute
		
		//determine the $pptp_connect_mode
		if(get("x","/wan/rg/inf:1/l2tp/autoreconnect") == "1")
		{
			if(get("x","/wan/rg/inf:1/l2tp/ondemand") == "1")
			{
				$l2tp_connect_mode = "on_demand";
			}
			else
			{
				$l2tp_connect_mode = "always_on";  // need to modify 
			}
		}
		else
		{
			$l2tp_connect_mode = "manual";
		}
		
		$l2tp_ip = get("x","/runtime/wan/inf:1/ip");
		$l2tp_netmask = get("x","/runtime/wan/inf:1/netmask");
		$l2tp_gateway = get("x","/runtime/wan/inf:1/gateway");
		$l2tp_server_ip = get("x","/wan/rg/inf:1/l2tp/serverip");
		$l2tp_mtu = get("x","/wan/rg/inf:1/l2tp/mtu");
		$l2tp_connection_status = get("x","/runtime/wan/inf:1/connectstatus");
		if($l2tp_connection_status == "ondemand")
		{
			$l2tp_connection_status = "disconnect";
		}		
	}
	else						//pptp disable
	{
		$l2tp_username = "";
		$l2tp_password = "";
		$l2tp_max_idletime = "";
		$l2tp_ip = "";
		$l2tp_netmask = "";
		$l2tp_gateway = "";
		$l2tp_server_ip = "";
		$l2tp_mtu = "";
		$l2tp_dynamic = "";
		$l2tp_connect_mode = "";
		$l2tp_connection_status  = "";
	}
		
	echo	"<wan_l2tp_session>";
		echo	"<dynamic>".$l2tp_dynamic."</dynamic>"; 
		echo	"<username>".$l2tp_username."</username>";
		echo	"<password>".$l2tp_password."</password>";
		echo	"<max_idletime>".$l2tp_max_idletime."</max_idletime>"; 
		echo	"<connect_mode>".$l2tp_connect_mode."</connect_mode>";  //need to modify 
		echo	"<ppp_auth_type></ppp_auth_type>";     // need to check
		echo	"<ip>".$l2tp_ip."</ip>"; 
		echo	"<netmask>".$l2tp_netmask."</netmask>";  
		echo	"<gateway >".$l2tp_gateway."</gateway >";  
		echo	"<server_ip >".$l2tp_server_ip."</server_ip >";  
		echo	"<mtu>".$l2tp_mtu ."</mtu >"; 
		echo	"<connection_status>".$l2tp_connection_status."</connection_status >"; 	
	echo	"</wan_l2tp_session>";

//========================= end of l2tp =======================================


//========================= start of wan_wwan ===================================


//========================= end of wan_wwan ===================================

	echo	"<wan_tx_packets>".$wan_tx_packets."</wan_tx_packets>";
	echo	"<wan_rx_packets>".$wan_rx_packets."</wan_rx_packets>";
	echo	"<wan_lost_packets>".$wan_lost_packets."</wan_lost_packets>";
	echo	"<wan_collision_packets>".$wan_collision_packets."</wan_collision_packets>";
	echo	"<wan_tx_bytes>".$wan_tx_bytes."</wan_tx_bytes>";
	echo	"<wan_rx_bytes>".$wan_rx_bytes."</wan_rx_bytes>";
	echo	"<timestamp>".$timestamp."</timestamp>";
	echo	"<wan_uptime>".$wan_uptime."</wan_uptime>";
	echo "</wan_stats>";

//---alex
?>

